Finance/ Business News:,Widely Publicized News:
Wall Street Journal Abstracts,PA Newswire: Ireland
Financial Times Online,The Irish Times
Associated Press Financial Wire,The Associated Press
AirGuide Business & AirGuideBusiness.com,Associated Press International
Proactive Investors (UK),Associated Press Online
BNS News Service in English by Baltic News Service (BNS) English,telegraph.co.uk
Newstex Blogs,The Daily Telegraph (London)
Live Briefs PRO Global Markets,RTE News
MT Newswires Live Briefs,Daily Mirror
Business World (Digest),mirror.co.uk
MarketLine NewsWire,irishmirror.ie
London Stock Exchange Regulatory News Service,Express Online
Sunday Business Post,Daily Star Online
International Business Times News,Daily Star
The Investors Chronicle,The Express
"Financial Times (London, England)",The Times (London)
AirFinance Journal,The Sun (England)
Flight International,thesun.co.uk
dpa-AFX International ProFeed,The Sunday Times (London)
dpa international (Englischer Dienst),thetimes.co.uk
RTT News (United States),Irish Examiner
Citywire,The New York Times - International Edition
City A.M.,Irish Independent
ANSA English Corporate Service,Sunday Independent (Ireland)
American Banking and Market News,The Independent (United Kingdom)
Transcript Daily,The Guardian (London)
Watchlist News,The Evening Standard (London)
DailyPolitical,Euronews
Alliance News UK,Flightglobal.com
Thomson Financial News Super Focus,Flight International
,MailOnline
,The Daily Mail and Mail on Sunday (London)
,Irish Daily Mail
,ANSA English Media Service
,Agence France Presse
